passengerID,passengerType
000001,Student
000002,Student
000003,Adult
000004,Child
000005,Adult
000006,Adult
000007,Student
000008,Adult
000009,Senior
000010,Adult
000011,Student
000012,Student
000013,Child
000014,Senior
000015,Child
000016,Senior
000017,Senior
000018,Adult
000019,Child
000020,Child
000021,Child
000022,Adult
000023,Student
000024,Senior
000025,Student
000026,Child
000027,Adult
000028,Child
000029,Senior
000030,Student
000031,Student
000032,Senior
000033,Adult
000034,Senior
000035,Child
000036,Student
000037,Senior
000038,Student
000039,Student
000040,Adult
000041,Senior
000042,Adult
000043,Senior
000044,Child
000045,Student
000046,Student
000047,Child
000048,Child
000049,Student
000050,Child
000051,Adult
000052,Student
000053,Adult
000054,Student
000055,Adult
000056,Senior
000057,Adult
000058,Student
000059,Child
000060,Child
000061,Student
000062,Student
000063,Student
000064,Child
000065,Senior
000066,Adult
000067,Senior
000068,Adult
000069,Student
000070,Adult
000071,Student
000072,Adult
000073,Adult
000074,Senior
000075,Adult
000076,Child
000077,Adult
000078,Senior
000079,Senior
000080,Child
000081,Child
000082,Senior
000083,Senior
000084,Child
000085,Senior
000086,Adult
000087,Senior
000088,Senior
000089,Student
000090,Child
000091,Student
000092,Adult
000093,Student
000094,Student
000095,Child
000096,Student
000097,Senior
000098,Adult
000099,Adult
000100,Child
000101,Student
000102,Adult
000103,Adult
000104,Student
000105,Senior
000106,Student
000107,Adult
000108,Adult
000109,Child
000110,Adult
000111,Adult
000112,Child
000113,Adult
000114,Adult
000115,Student
000116,Student
000117,Student
000118,Senior
000119,Student
000120,Student
000121,Adult
000122,Adult
000123,Adult
000124,Senior
000125,Senior
000126,Child
000127,Senior
000128,Student
000129,Student
000130,Senior
000131,Senior
000132,Senior
000133,Senior
000134,Child
000135,Senior
000136,Senior
000137,Senior
000138,Senior
000139,Adult
000140,Student
000141,Adult
000142,Child
000143,Senior
000144,Senior
000145,Senior
000146,Senior
000147,Adult
000148,Child
000149,Child
000150,Child
000151,Child
000152,Student
000153,Adult
000154,Student
000155,Student
000156,Adult
000157,Student
000158,Senior
000159,Adult
000160,Adult
000161,Student
000162,Adult
000163,Student
000164,Child
000165,Student
000166,Student
000167,Child
000168,Senior
000169,Adult
000170,Adult
000171,Adult
000172,Child
000173,Adult
000174,Adult
000175,Senior
000176,Adult
000177,Student
000178,Student
000179,Senior
000180,Adult
000181,Child
000182,Senior
000183,Senior
000184,Child
000185,Child
000186,Adult
000187,Adult
000188,Adult
000189,Adult
000190,Senior
000191,Senior
000192,Adult
000193,Student
000194,Adult
000195,Senior
000196,Child
000197,Child
000198,Child
000199,Child
000200,Adult
000201,Student
000202,Student
000203,Adult
000204,Child
000205,Student
000206,Student
000207,Child
000208,Child
000209,Adult
000210,Adult
000211,Student
000212,Child
000213,Senior
000214,Student
000215,Adult
000216,Adult
000217,Child
000218,Student
000219,Student
000220,Senior
000221,Adult
000222,Child
000223,Student
000224,Student
000225,Child
000226,Senior
000227,Student
000228,Child
000229,Child
000230,Student
000231,Senior
000232,Child
000233,Senior
000234,Senior
000235,Student
000236,Senior
000237,Adult
000238,Senior
000239,Student
000240,Student
000241,Student
000242,Senior
000243,Adult
000244,Student
000245,Child
000246,Adult
000247,Adult
000248,Child
000249,Child
000250,Student
000251,Senior
000252,Child
000253,Senior
000254,Senior
000255,Senior
000256,Child
000257,Adult
000258,Senior
000259,Child
000260,Senior
000261,Child
000262,Adult
000263,Adult
000264,Child
000265,Student
000266,Senior
000267,Senior
000268,Student
000269,Adult
000270,Student
000271,Senior
000272,Adult
000273,Senior
000274,Senior
000275,Adult
000276,Child
000277,Child
000278,Senior
000279,Student
000280,Adult
000281,Senior
000282,Senior
000283,Senior
000284,Child
000285,Senior
000286,Adult
000287,Adult
000288,Adult
000289,Adult
000290,Adult
000291,Child
000292,Student
000293,Student
000294,Student
000295,Adult
000296,Adult
000297,Adult
000298,Child
000299,Student
000300,Student
000301,Senior
000302,Senior
000303,Child
000304,Adult
000305,Adult
000306,Child
000307,Child
000308,Student
000309,Child
000310,Student
000311,Student
000312,Child
000313,Student
000314,Adult
000315,Student
000316,Child
000317,Child
000318,Child
000319,Senior
000320,Adult
000321,Student
000322,Student
000323,Adult
000324,Senior
000325,Student
000326,Child
000327,Adult
000328,Student
000329,Child
000330,Adult
000331,Child
000332,Child
000333,Student
000334,Adult
000335,Student
000336,Adult
000337,Adult
000338,Student
000339,Student
000340,Child
000341,Adult
000342,Adult
000343,Senior
000344,Student
000345,Student
000346,Student
000347,Adult
000348,Student
000349,Child
000350,Student
000351,Child
000352,Child
000353,Senior
000354,Adult
000355,Child
000356,Senior
000357,Adult
000358,Child
000359,Child
000360,Child
000361,Adult
000362,Adult
000363,Child
000364,Student
000365,Adult
000366,Child
000367,Senior
000368,Adult
000369,Student
000370,Child
000371,Student
000372,Adult
000373,Student
000374,Senior
000375,Adult
000376,Adult
000377,Student
000378,Student
000379,Student
000380,Adult
000381,Child
000382,Senior
000383,Child
000384,Student
000385,Senior
000386,Student
000387,Student
000388,Senior
000389,Adult
000390,Senior
000391,Adult
000392,Student
000393,Senior
000394,Student
000395,Senior
000396,Adult
000397,Student
000398,Senior
000399,Adult
000400,Adult
000401,Adult
000402,Adult
000403,Senior
000404,Adult
000405,Student
000406,Child
000407,Adult
000408,Adult
000409,Senior
000410,Child
000411,Child
000412,Student
000413,Adult
000414,Student
000415,Child
000416,Senior
000417,Adult
000418,Student
000419,Adult
000420,Adult
000421,Child
000422,Adult
000423,Adult
000424,Senior
000425,Adult
000426,Adult
000427,Senior
000428,Child
000429,Child
000430,Adult
000431,Student
000432,Adult
000433,Senior
000434,Child
000435,Senior
000436,Student
000437,Adult
000438,Adult
000439,Adult
000440,Adult
000441,Student
000442,Adult
000443,Student
000444,Student
000445,Child
000446,Adult
000447,Adult
000448,Senior
000449,Senior
000450,Child
000451,Senior
000452,Senior
000453,Adult
000454,Child
000455,Senior
000456,Child
000457,Senior
000458,Adult
000459,Student
000460,Student
000461,Adult
000462,Child
000463,Adult
000464,Child
000465,Child
000466,Student
000467,Child
000468,Senior
000469,Adult
000470,Senior
000471,Student
000472,Senior
000473,Senior
000474,Senior
000475,Child
000476,Child
000477,Adult
000478,Child
000479,Senior
000480,Senior
000481,Adult
000482,Student
000483,Adult
000484,Senior
000485,Senior
000486,Child
000487,Student
000488,Child
000489,Student
000490,Student
000491,Student
000492,Adult
000493,Child
000494,Senior
000495,Student
000496,Adult
000497,Student
000498,Child
000499,Student
000500,Child
000501,Senior
000502,Child
000503,Student
000504,Adult
000505,Student
000506,Adult
000507,Student
000508,Adult
000509,Senior
000510,Student
000511,Child
000512,Senior
000513,Adult
000514,Student
000515,Senior
000516,Student
000517,Adult
000518,Adult
000519,Adult
000520,Student
000521,Child
000522,Adult
000523,Adult
000524,Adult
000525,Child
000526,Senior
000527,Adult
000528,Student
000529,Adult
000530,Adult
000531,Child
000532,Student
000533,Adult
000534,Child
000535,Adult
000536,Child
000537,Senior
000538,Adult
000539,Student
000540,Adult
000541,Child
000542,Adult
000543,Senior
000544,Student
000545,Senior
000546,Student
000547,Adult
000548,Senior
000549,Child
000550,Adult
000551,Student
000552,Adult
000553,Senior
000554,Adult
000555,Adult
000556,Adult
000557,Senior
000558,Student
000559,Student
000560,Senior
000561,Child
000562,Student
000563,Child
000564,Senior
000565,Senior
000566,Senior
000567,Child
000568,Child
000569,Senior
000570,Child
000571,Adult
000572,Student
000573,Child
000574,Student
000575,Student
000576,Senior
000577,Student
000578,Adult
000579,Senior
000580,Child
000581,Senior
000582,Senior
000583,Adult
000584,Student
000585,Adult
000586,Student
000587,Senior
000588,Adult
000589,Child
000590,Senior
000591,Student
000592,Adult
000593,Student
000594,Child
000595,Senior
000596,Student
000597,Child
000598,Student
000599,Adult
000600,Child
000601,Senior
000602,Adult
000603,Senior
000604,Adult
000605,Senior
000606,Senior
000607,Student
000608,Student
000609,Student
000610,Senior
000611,Child
000612,Child
000613,Senior
000614,Student
000615,Adult
000616,Child
000617,Child
000618,Child
000619,Adult
000620,Student
000621,Student
000622,Senior
000623,Student
000624,Student
000625,Child
000626,Adult
000627,Adult
000628,Child
000629,Adult
000630,Senior
000631,Adult
000632,Adult
000633,Senior
000634,Child
000635,Child
000636,Child
000637,Senior
000638,Senior
000639,Student
000640,Student
000641,Child
000642,Senior
000643,Adult
000644,Child
000645,Senior
000646,Senior
000647,Child
000648,Student
000649,Adult
000650,Student
000651,Student
000652,Child
000653,Senior
000654,Student
000655,Child
000656,Child
000657,Child
000658,Adult
000659,Student
000660,Child
000661,Child
000662,Senior
000663,Student
000664,Child
000665,Senior
000666,Senior
000667,Student
000668,Adult
000669,Child
000670,Adult
000671,Child
000672,Adult
000673,Senior
000674,Adult
000675,Student
000676,Student
000677,Senior
000678,Student
000679,Senior
000680,Senior
000681,Student
000682,Senior
000683,Senior
000684,Adult
000685,Senior
000686,Student
000687,Child
000688,Senior
000689,Senior
000690,Senior
000691,Senior
000692,Adult
000693,Senior
000694,Student
000695,Senior
000696,Student
000697,Student
000698,Senior
000699,Child
000700,Senior
000701,Student
000702,Adult
000703,Student
000704,Senior
000705,Adult
000706,Child
000707,Senior
000708,Adult
000709,Child
000710,Child
000711,Adult
000712,Child
000713,Senior
000714,Child
000715,Adult
000716,Adult
000717,Child
000718,Student
000719,Senior
000720,Adult
000721,Child
000722,Senior
000723,Adult
000724,Adult
000725,Senior
000726,Adult
000727,Adult
000728,Adult
000729,Child
000730,Student
000731,Student
000732,Adult
000733,Student
000734,Adult
000735,Student
000736,Adult
000737,Student
000738,Senior
000739,Child
000740,Senior
000741,Child
000742,Child
000743,Student
000744,Student
000745,Student
000746,Senior
000747,Adult
000748,Adult
000749,Adult
000750,Child
000751,Student
000752,Child
000753,Senior
000754,Senior
000755,Child
000756,Student
000757,Adult
000758,Child
000759,Adult
000760,Adult
000761,Senior
000762,Student
000763,Child
000764,Adult
000765,Student
000766,Adult
000767,Child
000768,Adult
000769,Child
000770,Student
000771,Student
000772,Adult
000773,Senior
000774,Student
000775,Student
000776,Senior
000777,Adult
000778,Senior
000779,Senior
000780,Senior
000781,Student
000782,Adult
000783,Student
000784,Adult
000785,Student
000786,Child
000787,Adult
000788,Child
000789,Student
000790,Student
000791,Senior
000792,Child
000793,Adult
000794,Child
000795,Student
000796,Child
000797,Child
000798,Senior
000799,Child
000800,Senior
000801,Senior
000802,Adult
000803,Senior
000804,Adult
000805,Adult
000806,Child
000807,Senior
000808,Adult
000809,Student
000810,Student
000811,Senior
000812,Senior
000813,Adult
000814,Adult
000815,Student
000816,Senior
000817,Adult
000818,Adult
000819,Student
000820,Child
000821,Child
000822,Adult
000823,Student
000824,Senior
000825,Senior
000826,Adult
000827,Senior
000828,Child
000829,Student
000830,Senior
000831,Senior
000832,Student
000833,Student
000834,Adult
000835,Senior
000836,Adult
000837,Child
000838,Senior
000839,Adult
000840,Senior
000841,Senior
000842,Student
000843,Adult
000844,Child
000845,Child
000846,Child
000847,Child
000848,Child
000849,Student
000850,Adult
000851,Child
000852,Student
000853,Adult
000854,Adult
000855,Adult
000856,Child
000857,Child
000858,Student
000859,Senior
000860,Student
000861,Child
000862,Student
000863,Student
000864,Adult
000865,Senior
000866,Senior
000867,Adult
000868,Child
000869,Child
000870,Adult
000871,Student
000872,Adult
000873,Child
000874,Adult
000875,Adult
000876,Child
000877,Child
000878,Adult
000879,Adult
000880,Child
000881,Senior
000882,Child
000883,Senior
000884,Senior
000885,Adult
000886,Adult
000887,Child
000888,Child
000889,Senior
000890,Child
000891,Child
000892,Senior
000893,Adult
000894,Senior
000895,Senior
000896,Child
000897,Child
000898,Senior
000899,Senior
000900,Senior
000901,Senior
000902,Child
000903,Student
000904,Adult
000905,Senior
000906,Student
000907,Student
000908,Student
000909,Adult
000910,Child
000911,Student
000912,Senior
000913,Student
000914,Student
000915,Student
000916,Senior
000917,Senior
000918,Student
000919,Student
000920,Student
000921,Student
000922,Student
000923,Senior
000924,Senior
000925,Student
000926,Student
000927,Student
000928,Adult
000929,Student
000930,Student
000931,Senior
000932,Adult
000933,Senior
000934,Child
000935,Child
000936,Student
000937,Adult
000938,Student
000939,Adult
000940,Child
000941,Child
000942,Adult
000943,Adult
000944,Adult
000945,Child
000946,Child
000947,Senior
000948,Senior
000949,Senior
000950,Child
000951,Child
000952,Child
000953,Child
000954,Adult
000955,Student
000956,Student
000957,Senior
000958,Child
000959,Senior
000960,Senior
000961,Senior
000962,Student
000963,Child
000964,Adult
000965,Child
000966,Senior
000967,Senior
000968,Senior
000969,Student
000970,Child
000971,Child
000972,Child
000973,Adult
000974,Senior
000975,Child
000976,Student
000977,Senior
000978,Adult
000979,Adult
000980,Adult
000981,Child
000982,Student
000983,Child
000984,Student
000985,Senior
000986,Adult
000987,Senior
000988,Child
000989,Senior
000990,Senior
000991,Senior
000992,Adult
000993,Child
000994,Child
000995,Senior
000996,Child
000997,Senior
000998,Student
000999,Student
001000,Child
001001,Student
