trainNo,isPetFriendly ,isAccessible,lineFollowing
001,Yes,Yes,yellow
002,Yes,Yes,orange
003,No,Yes,red
004,No,Yes,red
005,Yes,No,red
006,No,No,red
007,Yes,No,red
008,Yes,Yes,red
009,Yes,Yes,red
010,Yes,No,red
011,Yes,Yes,blue
012,Yes,No,orange
013,No,No,orange
014,Yes,No,blue
015,Yes,No,yellow
016,Yes,No,blue
017,No,Yes,orange
018,Yes,Yes,yellow
019,No,No,blue
020,No,No,yellow
021,No,No,red
022,No,Yes,blue
023,Yes,Yes,blue
024,Yes,No,red
025,No,No,yellow
,,,
,,,
,,,
,,,
